label	config	run_id	status	started_at	finished_at
YS_BASELINE	configs/mitigation_final6_5x6/YS_BASELINE.env	mitigation_final6_5x6_4tier_post180_a100_ixqt_west3_20260504T2015Z_YS_BASELINE_final6_mitigation_baseline_pe_self_ask	started	2026-05-04T20:13:21Z
YS_BASELINE	configs/mitigation_final6_5x6/YS_BASELINE.env	mitigation_final6_5x6_4tier_post180_a100_ixqt_west3_20260504T2015Z_YS_BASELINE_final6_mitigation_baseline_pe_self_ask	run_failed	2026-05-04T20:13:21Z	2026-05-04T20:33:38Z
ZS_BASELINE	configs/mitigation_final6_5x6/ZS_BASELINE.env	mitigation_final6_5x6_4tier_post180_a100_ixqt_west3_20260504T2015Z_ZS_BASELINE_final6_mitigation_baseline_verified_pe_self_ask	started	2026-05-04T20:33:38Z
ZS_BASELINE	configs/mitigation_final6_5x6/ZS_BASELINE.env	mitigation_final6_5x6_4tier_post180_a100_ixqt_west3_20260504T2015Z_ZS_BASELINE_final6_mitigation_baseline_verified_pe_self_ask	run_failed	2026-05-04T20:33:38Z	2026-05-04T21:00:15Z
YS_GUARD	configs/mitigation_final6_5x6/YS_GUARD.env	mitigation_final6_5x6_4tier_post180_a100_ixqt_west3_20260504T2015Z_YS_GUARD_final6_mitigation_missing_evidence_guard_pe_self_ask	started	2026-05-04T21:00:15Z
YS_GUARD	configs/mitigation_final6_5x6/YS_GUARD.env	mitigation_final6_5x6_4tier_post180_a100_ixqt_west3_20260504T2015Z_YS_GUARD_final6_mitigation_missing_evidence_guard_pe_self_ask	run_failed	2026-05-04T21:00:15Z	2026-05-04T21:20:37Z
ZS_GUARD	configs/mitigation_final6_5x6/ZS_GUARD.env	mitigation_final6_5x6_4tier_post180_a100_ixqt_west3_20260504T2015Z_ZS_GUARD_final6_mitigation_missing_evidence_guard_verified_pe_self_ask	started	2026-05-04T21:20:37Z
ZS_GUARD	configs/mitigation_final6_5x6/ZS_GUARD.env	mitigation_final6_5x6_4tier_post180_a100_ixqt_west3_20260504T2015Z_ZS_GUARD_final6_mitigation_missing_evidence_guard_verified_pe_self_ask	run_failed	2026-05-04T21:20:37Z	2026-05-04T21:47:12Z
YS_REPAIR	configs/mitigation_final6_5x6/YS_REPAIR.env	mitigation_final6_5x6_4tier_post180_a100_ixqt_west3_20260504T2015Z_YS_REPAIR_final6_mitigation_missing_evidence_repair_pe_self_ask	started	2026-05-04T21:47:12Z
YS_REPAIR	configs/mitigation_final6_5x6/YS_REPAIR.env	mitigation_final6_5x6_4tier_post180_a100_ixqt_west3_20260504T2015Z_YS_REPAIR_final6_mitigation_missing_evidence_repair_pe_self_ask	run_failed	2026-05-04T21:47:12Z	2026-05-04T22:08:19Z
ZS_REPAIR	configs/mitigation_final6_5x6/ZS_REPAIR.env	mitigation_final6_5x6_4tier_post180_a100_ixqt_west3_20260504T2015Z_ZS_REPAIR_final6_mitigation_missing_evidence_repair_verified_pe_self_ask	started	2026-05-04T22:08:19Z
ZS_REPAIR	configs/mitigation_final6_5x6/ZS_REPAIR.env	mitigation_final6_5x6_4tier_post180_a100_ixqt_west3_20260504T2015Z_ZS_REPAIR_final6_mitigation_missing_evidence_repair_verified_pe_self_ask	run_failed	2026-05-04T22:08:19Z	2026-05-04T22:33:55Z
YS_ADJ	configs/mitigation_final6_5x6/YS_ADJ.env	mitigation_final6_5x6_4tier_post180_a100_ixqt_west3_20260504T2015Z_YS_ADJ_final6_mitigation_fault_risk_adjudication_pe_self_ask	started	2026-05-04T22:33:55Z
YS_ADJ	configs/mitigation_final6_5x6/YS_ADJ.env	mitigation_final6_5x6_4tier_post180_a100_ixqt_west3_20260504T2015Z_YS_ADJ_final6_mitigation_fault_risk_adjudication_pe_self_ask	run_failed	2026-05-04T22:33:55Z	2026-05-04T22:55:09Z
ZS_ADJ	configs/mitigation_final6_5x6/ZS_ADJ.env	mitigation_final6_5x6_4tier_post180_a100_ixqt_west3_20260504T2015Z_ZS_ADJ_final6_mitigation_fault_risk_adjudication_verified_pe_self_ask	started	2026-05-04T22:55:09Z
ZS_ADJ	configs/mitigation_final6_5x6/ZS_ADJ.env	mitigation_final6_5x6_4tier_post180_a100_ixqt_west3_20260504T2015Z_ZS_ADJ_final6_mitigation_fault_risk_adjudication_verified_pe_self_ask	run_failed	2026-05-04T22:55:09Z	2026-05-04T23:20:49Z
